{
	"menu_id": "sniff-utils_optionsmenu",
	"parent_menu_id": "blt_options",
	"title": "su_options",
	"description": "su_options_desc",
	"items": [
		{
			"type": "toggle",
			"id": "low_violence",
			"title": "low_violence",
			"description": "low_violence_desc",
			"value": "low_violence",
			"callback": "SniffUtils_menu_callback",
			"default_value": true
        }, {
            "type": "toggle",
			"id": "no_screen_shake",
			"title": "no_screen_shake",
			"description": "no_screen_shake_desc",
			"value": "no_screen_shake",
			"callback": "SniffUtils_menu_callback",
			"default_value": true
        }, {
            "type": "toggle",
			"id": "no_ads_breathing",
			"title": "no_ads_breathing",
			"description": "no_ads_breathing_desc",
			"value": "no_ads_breathing",
			"callback": "SniffUtils_menu_callback",
			"default_value": true
        }, {
            "type": "toggle",
			"id": "steamoverfbi_redirect",
			"title": "steamoverfbi_redirect",
			"description": "steamoverfbi_redirect_desc",
			"value": "steamoverfbi_redirect",
			"callback": "SniffUtils_menu_callback",
			"default_value": true
        }, {
            "type": "toggle",
			"id": "sticky_interaction",
			"title": "sticky_interaction",
			"description": "sticky_interaction_desc",
			"value": "sticky_interaction",
			"callback": "SniffUtils_menu_callback",
			"default_value": true
        }, {
            "type": "divider",
			"size": 20
        }, {
            "type": "toggle",
			"id": "hide_ads",
			"title": "hide_ads",
			"description": "hide_ads_desc",
			"value": "hide_ads",
			"callback": "SniffUtils_menu_callback",
			"default_value": true
        }, {
            "type": "toggle",
			"id": "no_menu_transitions",
			"title": "no_menu_transitions",
			"description": "no_menu_transitions_desc",
			"value": "no_menu_transitions",
			"callback": "SniffUtils_menu_callback",
			"default_value": true
        }, {
            "type": "toggle",
			"id": "less_annoying_menuing",
			"title": "less_annoying_menuing",
			"description": "less_annoying_menuing_desc",
			"value": "less_annoying_menuing",
			"callback": "SniffUtils_menu_callback",
			"default_value": true
        }, {
            "type": "divider",
			"size": 20
        }, {
            "type": "toggle",
			"id": "infamy_keep_skillsets",
			"title": "infamy_keep_skillsets",
			"description": "infamy_keep_skillsets_desc",
			"value": "infamy_keep_skillsets",
			"callback": "SniffUtils_menu_callback",
			"default_value": true
        }, {
            "type": "toggle",
			"id": "short_colors",
			"title": "short_colors",
			"description": "short_colors_desc",
			"value": "short_colors",
			"callback": "SniffUtils_menu_callback",
			"default_value": true
        }, {
            "type": "toggle",
			"id": "disable_reconnect",
			"title": "disable_reconnect",
			"description": "disable_reconnect_desc",
			"value": "disable_reconnect",
			"callback": "SniffUtils_menu_callback",
			"default_value": true
        }, {
            "type": "divider",
			"size": 20
        }, {
            "type": "toggle",
			"id": "disable_rats_blur",
			"title": "disable_rats_blur",
			"description": "disable_rats_blur_desc",
			"value": "disable_rats_blur",
			"callback": "SniffUtils_menu_callback",
			"default_value": true
        }, {
            "type": "toggle",
			"id": "disable_fog",
			"title": "disable_fog",
			"description": "disable_fog_desc",
			"value": "disable_fog",
			"callback": "SniffUtils_menu_callback",
			"default_value": true
        }, {
            "type": "toggle",
			"id": "disable_cloaker_camera",
			"title": "disable_cloaker_camera",
			"description": "disable_cloaker_camera_desc",
			"value": "disable_cloaker_camera",
			"callback": "SniffUtils_menu_callback",
			"default_value": true
        }, {
            "type": "toggle",
			"id": "disable_bag_tilt",
			"title": "disable_bag_tilt",
			"description": "disable_bag_tilt_desc",
			"value": "disable_bag_tilt",
			"callback": "SniffUtils_menu_callback",
			"default_value": true
        }
	]
}