{
	"menu_id": "sniff-utils_optionsmenu",
	"parent_menu_id": "blt_options",
	"title": "su_options",
	"description": "su_options_desc",
	"items": [
		{
			"type": "toggle",
			"id": "low_violence",
			"title": "low_violence",
			"description": "low_violence_desc",
			"value": "low_violence",
			"callback": "SniffUtils_menu_callback",
			"default_value": true
        }, {
            "type": "toggle",
			"id": "no_screen_shake",
			"title": "no_screen_shake",
			"description": "no_screen_shake_desc",
			"value": "no_screen_shake",
			"callback": "SniffUtils_menu_callback",
			"default_value": true
        }, {
            "type": "toggle",
			"id": "steamoverfbi_redirect",
			"title": "steamoverfbi_redirect",
			"description": "steamoverfbi_redirect_desc",
			"value": "steamoverfbi_redirect",
			"callback": "SniffUtils_menu_callback",
			"default_value": true
        }, {
            "type": "toggle",
			"id": "sticky_interaction",
			"title": "sticky_interaction",
			"description": "sticky_interaction_desc",
			"value": "sticky_interaction",
			"callback": "SniffUtils_menu_callback",
			"default_value": true
        }, {
            "type": "divider",
			"size": 20
        }, {
            "type": "toggle",
			"id": "hide_ads",
			"title": "hide_ads",
			"description": "hide_ads_desc",
			"value": "hide_ads",
			"callback": "SniffUtils_menu_callback",
			"default_value": true
        }, {
            "type": "toggle",
			"id": "no_menu_transitions",
			"title": "no_menu_transitions",
			"description": "no_menu_transitions_desc",
			"value": "no_menu_transitions",
			"callback": "SniffUtils_menu_callback",
			"default_value": true
        }, {
            "type": "divider",
			"size": 20
        }, {
            "type": "toggle",
			"id": "infamy_keep_skillsets",
			"title": "infamy_keep_skillsets",
			"description": "infamy_keep_skillsets_desc",
			"value": "infamy_keep_skillsets",
			"callback": "SniffUtils_menu_callback",
			"default_value": true
        }
        
        
		
	]
}