{
    "su_options": "Sniff's Utils",
    "su_options_desc": "Change the mod's options. A MAP CHANGE/RESTART IS REQUIRED TO APPLY CHANGES!",
    "low_violence": "Low Violence Mode",
    "low_violence_desc": "Blocks corpses, blood decals, shields and helmets from rendering after the enemy has died",
    "no_screen_shake": "No Screen Shake",
    "no_screen_shake_desc": "Disables camera shaking when shooting or when near explosions",
    "steamoverfbi_redirect": "Skip FBI Files (SteamOverFBI)",
    "steamoverfbi_redirect_desc": "Opens the selected player's Steam Profile directly instead of the FBI Files",
    "sticky_interaction": "Sticky Interaction (PocoHUD3)",
    "sticky_interaction_desc": "Tap right mouse button to lock your interaction, tap again to stop",
    "hide_ads": "Hide News/Updates in Main Menu",
    "hide_ads_desc": "Hides the ads at the top/bottom right of the main menu",
    "no_menu_transitions": "Disable Menu Transitions",
    "no_menu_transitions_desc": "Disables the black fade transitions between menus",
    "infamy_keep_skillsets": "Keep Assigned Skillsets after Infamy",
    "infamy_keep_skillsets_desc": "Automatically assigns each skill set to its respective profile number after going infamous with reputation",
    "less_annoying_menuing": "Less Annoying Menuing",
    "less_annoying_menuing_desc": "Skips heist intros, speeds up the end XP screen without pressing Space and automatically picks a card during Paydays",
    "short_colors": "Short Weapon Color Category Names",
    "short_colors_desc": "Makes the vanilla weapon color categories's names shorter, skipping the need for scrolling",
    "disable_reconnect": "Disable Reconnect to Server",
    "disable_reconnect_desc": "Check this if Reconnect to Server results in infinite loading after Update 237"
}